{"parametri vitali":[{"diasPressure":69.73189678562589,"dateAndTime":"20-04-2021 10:02:20","oxSaturation":85.19639047312074,"bodyTemp":36.98627980182089,"sysBloodPressure":107.016342189245}]}